locked_uid,control_uid
27188,27191
25911,25915
25922,25923
25927,25920
21724,21729
22266,22269
23053,23056
23461,23464
37571,37582
20263,20265
20270,20275
37989,37994
37855,37858
37867,37871
37344,37346
39637,39638
27438,27440
28855,28866
28858,28867
27455,27465
39017,39022
38740,38741
38806,38807
15424,15434
15399,15417
15416,15422
21108,21110
21121,21116
32186,32190
13715,13727
35996,35995
36041,36060
36062,36066
36067,36071
36296,36304
36317,36326
35442,35447
38252,38262
14728,14727
12403,12402
12407,12409
12421,12406
38433,38434
14215,14222
38823,38824
38826,38827
38831,38822
38969,38968
38795,38796
39006,39008
39009,39010
37328,37341
37572,37573
37576,37577
37583,37584
37253,37254
37587,37588
37589,37601
37279,37280
37284,37283
37292,37293
36685,36684
37691,37705
37311,37326
36936,36951
36474,36473
37296,37300
37299,37308
31102,31119
15425,15423
15439,15433
2248,2258
5923,5927
3872,3875
5848,5863
4985,4984
14931,14942
14943,14945
2782,2793
2794,2797
36632,36629
36647,36646
2268,2273
40245,40252
40249,40253
40255,40263
38080,38078
17675,17691
13755,13765
13760,13767
14314,14325
14328,14332
22446,22443
14293,14305
28380,28401
14826,14833
8819,8823
8833,8834
22228,22232
23462,23465
38014,38016
35443,35445
23487,23509
36320,36325
38482,38485
22209,22211
14806,14813
14816,14823
15401,15400
15409,15421
13669,13668
13675,13674
35216,35224
15753,15773
14845,14856
14858,14863
15426,15444
14827,14842
34976,34979
21653,21657
36043,36045
36064,36065
34224,34226
14237,14257
31103,31111
31106,31112
36937,36943
37162,37168
36000,36001
37347,37348
38809,38810
36955,36957
33809,33812
33811,33819
33815,33825
37329,37339
36815,36817
38339,38340
37678,37680
38048,38050
38448,38451
38254,38256
36686,36688
38270,38271
38281,38275
39056,39055
39061,39058
39315,39317
39040,39039
39045,39042
13629,13636
38483,38484
27458,27457
23723,23722
13804,13805
9386,9384
15807,15806
18984,18983
16810,16818
14921,14920
39158,39165
13758,13756
25162,25161
36633,36639
21113,21122
21473,21477
22034,22037
14935,14937
18986,18985
18987,18993
13807,13809
13808,13806
4141,4146
8852,8874
22035,22032
21443,21448
22948,22953
22927,22921
21114,21107
22534,22528
22522,22515
35122,35123
35283,35284
9387,9385
9390,9391
12538,12542
20878,20882
21931,21929
23301,23302
22959,22964
23725,23727
8853,8861
24605,24603
24608,24609
22566,22570
24531,24535
24619,24617
24631,24630
24632,24637
22865,22866
8186,8192
22979,22973
22980,22983
24577,24580
4740,4746
4697,4712
3625,3627
7445,7451
7446,7452
10185,10187
10192,10188
28360,28371
28915,28914
28381,28390
28406,28412
4698,4699
3297,3296
1455,1454
1460,1467
781,780
784,779
790,789
769,768
2249,2264
2348,2357
3073,3084
3091,3096
2349,2364
2487,2494
2515,2513
4741,4751
4033,4037
5851,5844
5856,5867
5619,5620
38081,38090
36216,36222
15808,15818
39159,39163
39174,39164
14319,14320
14324,14318
14327,14329
14334,14331
22767,22766
14299,14298
14304,14297
14307,14309
22788,22791
3143,3144
3145,3158
5244,5246
4431,4434
4438,4426
39706,39710
27194,27192
27340,27339
27347,27348
27379,27378
27358,27357
27366,27367
38676,38681
19543,19541
19552,19547
19724,19726
38257,38260
27359,27360
27341,27342
27380,27381
26723,26724
26739,26740
33403,33399
5211,5209
33442,33452
16271,16274
36940,36939
34800,34798
37419,37418
26862,26860
37389,37386
36105,36119
37710,37709
34977,34988
37694,37693
37165,37164
35234,35232
35235,35238
35244,35241
35217,35226
30126,30134
3860,3861
3870,3865
13704,13699
5212,5208
13652,13658
38328,38329
38066,38062
38067,38073
38082,38091
38085,38092
36636,36631
5792,5793
5666,5667
39086,39085
15809,15819
40340,40339
40273,40272
27620,27625
24606,24607
35285,35278
22882,22885
22928,22923
22938,22943
23386,23388
23393,23390
23394,23381
22949,22955
22543,22549
26426,26430
26491,26494
26496,26497
24920,24925
24567,24569
25885,25888
19544,19542
9289,9297
19640,19638
19648,19642
19198,19197
6940,6950
16009,16015
6422,6424
39456,39467
11299,11300
27196,27200
27202,27201
21933,21935
21936,21938
15810,15805
23421,23435
34581,34574
23598,23596
23602,23604
23606,23593
26988,26990
26996,27000
26997,26991
14323,14322
14335,14326
14302,14301
9198,9195
9206,9194
6480,6491
38083,38079
38086,38089
14927,14918
27443,27447
27460,27464
10442,10443
4215,4221
13732,13731
39866,39862
39873,39861
13956,13954
13968,13965
4104,4102
12074,12092
9291,9300
4450,4454
13733,13730
8430,8438
31807,31806
27228,27231
27235,27236
10444,10451
12640,12637
26989,27002
13957,13959
13964,13966
10445,10456
39089,39093
39098,39096
12454,12455
12471,12456
12052,12053
9293,9299
31808,31810
26428,26429
4451,4449
4452,4457
31809,31805
13738,13744
13743,13753
7447,7454
7450,7443
26953,26956
7376,7373
7380,7370
6975,6978
6989,6986
7149,7144
7166,7163
28237,28235
28270,28277
40002,40001
6990,6988
7133,7129
7377,7375
7150,7148
7167,7165
7170,7162
6976,6974
15812,15816
15813,15821
6224,6226
6977,6980
7134,7136
7139,7140
37220,37225
37221,37227
39070,39079
39787,39783
28008,28017
6225,6216
25770,25775
39071,39078
10203,10194
15757,15754
15404,15402
14219,14217
8233,8230
8240,8239
14790,14789
14193,14196
14830,14834
14809,14824
14849,14864
20267,20274
20276,20282
20278,20285
14148,14150
14149,14146
23490,23497
23501,23506
15405,15410
15414,15411
14240,14243
14251,14238
14127,14128
12873,12872
12876,12874
14194,14202
37681,37683
28561,28559
37435,37438
22746,22757
33116,33113
33529,33541
35905,35909
33543,33557
36106,36110
36112,36101
33202,33215
33261,33260
23161,23159
23166,23172
27117,27115
28960,28964
28361,28365
28382,28383
29301,29308
28407,28414
27903,27919
27915,27920
22687,22691
22700,22696
22701,22692
22342,22347
22328,22341
22705,22709
28916,28920
5852,5854
8092,8091
8104,8095
7863,7862
7886,7900
7836,7840
25944,25945
35553,35557
9199,9196
6138,6139
38036,38038
38040,38046
40254,40259
40257,40260
40278,40282
40280,40283
15196,15200
29590,29600
29596,29604
29609,29618
29614,29625
28862,28870
28869,28875
30112,30110
33530,33535
38068,38071
20538,20544
3862,3863
36942,36950
36108,36117
37722,37729
34978,34986
36092,36099
36069,36080
13923,13922
39279,39278
24294,24300
9681,9674
2783,2799
2788,2800
15450,15459
13633,13634
14851,14852
14151,14155
14158,14165
12003,12006
12020,12018
12022,12030
11623,11620
38988,38992
38995,38994
38975,38976
38981,38980
38812,38811
38821,38820
19918,19925
2018,2017
1168,1169
1080,1083
3097,3095
15891,15890
31621,31633
3098,3104
3103,3094
2941,2939
2942,2937
35507,35506
36664,36667
2889,2888
18187,18179
2784,2796
11704,11720
34944,34948
5321,5316
2109,2107
2097,2094
2100,2091
3032,3031
5478,5477
2188,2187
3003,3002
20269,20271
5215,5218
5220,5219
26793,26791
25304,25306
21659,21656
21661,21655
32461,32469
34907,34913
4968,4979
34403,34410
34416,34420
34447,34452
32957,32965
23493,23492
31861,31859
34635,34642
37059,37058
35977,35988
36093,36088
35314,35328
36070,36081
39101,39099
39102,39104
39868,39872
35799,35803
32717,32722
32943,32942
35595,35597
37486,37484
26794,26795
38342,38341
3864,3857
35963,35959
31675,31677
31683,31682
4217,4216
27927,27928
28917,28928
28923,28934
33546,33545
6577,6578
25946,25943
27493,27503
24499,24501
26892,26891
33205,33204
23165,23158
29326,29325
29327,29339
29304,29310
28563,28562
25305,25308
25831,25830
30539,30541
30540,30535
36010,36020
21846,21861
20356,20370
5604,5602
11672,11671
31759,31764
31453,31456
28961,28968
29628,29627
29637,29639
6310,6323
22329,22333
22334,22335
21662,21665
36353,36350
11673,11669
4942,4944
14873,14876
9964,9962
12005,12002
5533,5529
26254,26266
782,788
759,758
760,755
1442,1452
1364,1367
1495,1505
812,813
771,766
1365,1368
1366,1373
1497,1492
816,806
922,914
763,757
1457,1456
923,921
2351,2354
2360,2358
2488,2491
2496,2497
787,777
98,100
1601,1611
2472,2468
89,88
1602,1600
2309,2319
2323,2333
2489,2500
90,92
2253,2263
2255,2246
1969,1970
1979,1977
423,417
410,404
1095,1090
2256,2251
2528,2533
3004,3000
3426,3420
3188,3191
2725,2731
2191,2189
2761,2768
2490,2501
2473,2475
2615,2614
2057,2051
3429,3423
3197,3198
2912,2913
2876,2877
4969,4978
17643,17640
7478,7476
31760,31757
31749,31750
31753,31747
5761,5767
7479,7480
40516,40521
32139,32142
15532,15531
15537,15528
10768,10775
32391,32398
32155,32156
13766,13763
37501,37494
5077,5076
2200,2195
2007,2009
39166,39173
40517,40525
13740,13742
15533,15535
6121,6123
6126,6124
6129,6128
16816,16815
16819,16813
23601,23609
23608,23597
19012,19018
19460,19463
16304,16299
12563,12584
9937,9958
4435,4427
10448,10446
9237,9236
12055,12043
12081,12070
19461,19462
39463,39464
12487,12486
12493,12477
12457,12446
28240,28231
12921,12920
12927,12910
12953,12952
40006,40010
21424,21428
20998,21002
25994,25995
26003,26001
24545,24548
24554,24551
22450,22447
21032,21031
25488,25492
23708,23710
24074,24076
24081,24070
21005,21009
19546,19539
13961,13960
21578,21576
5623,5626
5625,5633
21530,21529
9031,9029
15534,15530
39713,39720
6312,6325
6330,6329
16305,16301
5216,5214
9202,9192
40518,40513
6579,6589
36819,36825
39319,39318
39449,39451
28865,28863
30114,30113
39012,39011
38815,38814
38990,38989
12432,12427
1218,1216
281,285
1605,1609
386,389
283,279
2272,2274
4158,4155
4164,4163
4167,4152
4749,4743
3902,3903
33847,33852
33091,33099
33407,33405
33410,33414
33411,33404
31380,31381
32768,32769
5169,5170
33139,33140
33571,33573
33549,33544
32372,32373
32314,32313
32337,32334
33209,33210
33220,33221
20884,20877
34065,34062
33582,33585
31107,31105
25986,25989
36665,36671
23452,23454
6158,6173
37804,37801
39741,39739
39742,39737
5606,5607
3200,3196
34484,34488
35631,35632
33448,33435
35618,35621
35652,35653
35456,35460
38440,38436
13290,13294
35448,35449
36111,36107
36113,36102
35910,35907
35919,35918
36178,36175
36072,36079
36075,36068
36850,36851
13719,13717
13720,13716
36305,36308
32192,32189
35221,35213
34807,34803
33816,33813
30129,30131
25404,25405
25408,25407
24964,24965
14244,14254
14246,14255
37623,37629
37315,37322
37316,37323
37317,37310
35875,35872
35876,35884
35888,35901
35463,35476
14177,14188
14875,14866
12880,12879
14853,14862
37016,37013
37021,37009
20965,20976
30970,30972
21033,21025
26011,26005
28364,28378
28387,28384
22793,22795
21819,21820
10914,10915
26818,26815
26589,26587
26059,26062
24665,24670
15745,15743
5127,5131
31862,31864
27909,27904
27914,27921
31678,31673
31686,31672
34417,34421
27963,27966
4703,4701
16192,16189
6485,6487
15746,15744
34908,34911
34583,34588
4971,4974
4981,4967
26797,26798
5159,5153
22806,22814
19920,19919
33817,33810
14136,14132
14743,14740
37487,37485
12984,12985
12986,12978
12987,12977
12990,12972
12922,12923
12924,12915
12954,12955
12956,12947
12488,12489
40223,40219
12458,12451
12518,12519
12524,12512
12125,12119
8345,8359
39730,39729
9938,9941
9939,9956
7601,7602
23760,23761
23764,23757
23289,23295
23290,23286
35222,35225
23771,23768
23772,23777
35911,35906
24976,24980
23784,23785
23788,23781
24549,24546
9032,9028
9033,9027
5542,5543
36179,36183
36189,36188
40203,40202
24342,24344
12549,12540
33928,33932
12565,12578
12572,12583
34516,34518
24654,24657
26571,26573
12520,12510
12521,12508
12490,12478
23215,23210
25999,25996
26820,26822
12925,12913
12957,12944
12460,12449
23712,23709
9966,9967
37259,37256
36784,36781
37287,37291
37288,37278
37269,37271
37270,37274
14877,14887
37302,37306
37303,37295
17437,17446
20913,20909
40154,40161
21532,21531
40134,40141
16220,16217
13963,13967
3049,3053
15202,15201
15203,15205
2143,2139
16029,16030
12056,12051
12061,12050
12082,12087
12086,12077
12461,12453
12465,12452
12106,12101
12109,12100
12926,12917
12930,12916
12126,12120
12492,12498
12497,12483
12499,12482
12988,12980
12991,12979
12551,12555
12554,12544
40279,40286
12522,12527
12526,12514
12958,12961
12960,12949
12963,12948
23216,23218
23786,23783
10805,10803
32438,32443
24622,24621
24255,24253
10788,10783
8862,8858
23773,23775
25955,25954
25957,25952
21426,21427
23752,23749
23280,23279
24208,24210
26487,26485
26488,26482
22525,22517
21007,21008
21010,21006
24550,24547
24977,24979
40520,40526
14716,14711
9942,9949
8802,8803
5701,5704
15765,15764
34910,34906
34362,34364
20966,20974
15435,15442
14230,14226
34159,34161
11628,11621
15413,15403
3050,3047
37732,37739
36692,36689
38280,38272
37260,37263
37261,37252
37448,37456
37545,37550
37116,37124
36012,36009
37594,37598
37596,37586
35188,35193
36712,36714
12569,12579
40135,40129
39645,39642
40155,40148
39282,39289
35814,35818
5741,5748
30130,30135
36306,36301
36309,36300
5365,5364
36052,36044
15766,15763
28389,28404
14783,14779
26866,26864
14800,14796
26015,26018
14818,14814
22872,22873
31404,31417
22512,22513
22526,22527
23730,23731
23732,23724
22911,22904
22887,22880
27910,27925
18174,18175
40256,40266
34487,34490
34494,34498
22918,22915
26821,26819
26828,26830
33450,33439
35240,35230
33029,33026
33427,33424
16782,16783
22452,22445
14207,14203
17683,17681
17690,17688
19966,19963
14162,14147
40156,40153
40136,40133
12438,12431
12440,12443
28012,28011
28021,28018
1107,1114
1108,1118
818,811
776,770
3385,3384
2790,2791
3447,3438
2729,2732
2987,2986
2995,2989
2534,2537
4054,4048
15204,15208
15185,15178
39284,39290
4268,4272
5702,5699
5723,5720
2988,2984
4055,4052
32892,32884
39285,39281
36242,36239
3448,3445
3449,3439
5535,5530
3431,3425
3432,3417
7515,7513
19673,19674
21099,21100
20065,20066
20566,20567
20568,20559
21128,21129
20657,20658
20551,20552
20553,20547
21510,21512
20579,20580
4041,4032
5724,5737
34567,34565
5886,5893
6143,6145
11725,11730
11727,11722
4972,4975
4992,4991
3137,3138
26799,26802
8592,8594
6740,6742
6908,6910
6914,6906
7481,7477
27912,27917
28413,28417
8194,8204
5768,5763
5775,5759
29689,29688
29933,29932
5080,5071
5085,5070
5435,5440
26800,26810
10429,10435
10753,10761
39750,39749
35458,35453
31629,31622
34735,34744
34489,34486
16790,16799
36510,36507
38624,38621
37098,37093
35486,35490
35858,35854
36786,36789
36031,36038
37564,37566
38978,38973
38442,38444
38965,38961
36840,36836
30868,30867
38803,38801
36289,36284
36184,36173
36166,36162
29934,29930
29690,29686
29333,29332
10670,10661
23360,23356
19967,19961
13091,13098
6144,6146
12676,12671
12683,12670
6444,6440
16719,16717
30543,30536
3943,3941
3944,3940
6445,6458
5609,5603
4867,4861
6909,6911
4858,4850
4651,4643
4803,4798
4822,4814
5132,5130
5135,5128
4840,4831
4659,4657
4930,4928
4593,4590
4545,4541
4377,4370
5081,5073
24790,24805
6463,6464
5377,5371
5403,5401
8977,8978
6777,6785
15823,15833
6755,6758
22690,22704
24813,24808
3958,3954
4993,4990
40490,40498
31679,31674
17647,17645
30564,30561
8865,8856
8875,8850
16697,16696
5770,5774
5782,5765
16221,16213
6390,6397
6393,6387
17891,17890
17893,17889
17406,17405
17408,17404
10790,10801
10807,10813
5518,5519
6446,6447
6448,6441
4271,4267
21738,21737
21740,21750
5707,5706
17439,17438
17442,17450
38020,38018
36481,36477
37861,37859
38282,38277
37998,37995
8593,8591
35500,35498
36055,36050
13929,13927
12418,12420
12886,12875
14140,14143
23431,23433
17892,17895
17407,17410
5671,5670
16698,16701
3965,3979
1841,1836
1845,1834
1856,1851
1809,1808
1459,1463
1627,1625
1451,1446
1115,1121
2495,2498
2329,2328
2314,2313
2330,2325
2315,2310
2621,2622
2764,2777
3193,3190
2766,2765
2767,2774
3389,3387
2262,2259
2176,2168
13722,13723
4024,4030
20969,20970
20978,20977
27631,27630
27634,27632
40522,40524
21119,21111
15817,15814
39169,39170
36643,36642
35293,35295
37239,37238
40359,40360
3810,3808
2538,2535
33408,33401
24525,24526
26480,26478
26489,26486
5404,5400
4994,4989
38804,38805
6466,6462
6373,6378
5325,5317
6163,6159
35141,35133
5390,5392
5391,5385
5628,5632
4440,4445
4442,4433
6817,6827
6779,6783
4595,4588
4597,4580
6583,6581
4842,4837
4847,4830
4653,4648
4655,4642
4859,4855
6467,6470
4546,4534
4550,4533
4824,4818
13745,13735
11201,11199
11206,11195
11207,11194
24655,24658
11650,11651
4843,4835
4805,4800
4460,4461
4464,4453
16253,16257
16254,16258
4441,4432
5486,5481
5491,5476
5487,5490
4547,4542
37019,37027
5258,5261
10432,10430
7064,7063
5437,5439
35655,35651
35867,35861
35634,35630
35623,35617
37080,37076
37641,37636
37072,37068
39580,39579
31457,31451
13092,13088
12677,12667
14859,14855
14819,14815
14881,14888
14247,14248
14252,14250
14839,14835
12439,12434
40191,40198
21570,21569
14784,14780
18441,18440
40172,40180
15436,15428
10207,10199
10208,10193
19363,19362
13662,13666
40159,40145
40139,40127
38010,38006
38249,38245
37443,37431
36716,36718
37876,37872
37120,37118
36926,36932
37898,37902
36016,36021
38627,38625
16721,16716
16727,16711
37475,37473
6127,6122
5796,5794
23473,23470
5930,5931
32680,32678
6184,6177
6190,6176
21854,21852
5393,5397
5399,5387
6533,6527
6780,6776
14717,14715
14723,14713
11655,11654
11204,11203
25579,25580
6304,6307
5708,5714
18442,18446
6374,6369
5330,5319
12057,12054
3552,3551
3559,3568
14718,14724
4704,4717
16722,16714
16723,16713
5673,5679
5797,5795
18443,18447
18454,18436
6781,6771
19783,19781
6185,6182
7459,7453
7466,7444
3632,3629
2482,2471
2193,2186
21913,21903
32557,32559
2769,2781
39106,39107
18176,18173
40493,40492
26213,26208
26744,26748
26199,26193
5331,5322
27387,27391
8417,8419
5749,5747
5773,5766
26727,26728
8037,8035
7650,7654
8144,8139
30565,30558
31738,31733
39752,39753
17684,17686
12678,12679
17445,17440
36824,36814
37354,37355
13280,13281
37877,37874
37415,37416
36513,36514
36908,36909
37689,37690
37444,37445
36706,36707
37399,37400
37429,37430
37719,37707
38023,38025
5287,5289
5280,5282
5631,5638
28274,28268
26995,27001
28242,28234
40011,40013
40363,40357
9683,9669
7381,7378
32197,32193
27563,27567
33938,33941
40262,40248
30566,30559
39774,39767
21279,21280
39915,39908
9353,9350
9364,9360
22099,22097
20766,20761
40364,40356
5545,5540
20407,20410
20420,20424
15830,15834
15832,15835
34640,34630
37022,37011
4170,4159
34165,34170
34368,34369
4171,4162
24346,24348
28175,28177
27297,27299
24675,24674
26618,26617
26619,26625
26621,26613
23570,23574
37321,37318
37338,37335
37342,37331
39347,39348
39350,39345
37628,37625
37633,37621
15418,15407
13663,13655
19661,19654
8520,8530
9947,9957
12107,12115
12108,12099
12112,12098
12058,12068
12064,12047
12127,12132
12128,12118
33126,33117
31410,31409
25309,25303
27626,27619
33127,33110
19662,19650
12059,12048
21940,21939
33538,33537
22453,22448
33553,33542
33519,33518
32444,32436
21998,21993
12060,12046
10811,10810
24506,24504
22101,22092
40495,40491
24863,24865
26896,26899
9684,9680
9685,9676
38075,38072
25835,25832
25848,25847
16702,16693
21860,21856
20390,20391
20393,20387
19926,19917
27939,27933
22754,22751
17650,17646
26016,26014
22694,22695
22698,22686
23572,23576
8981,8982
28967,28965
11237,11239
26559,26557
24079,24080
26804,26807
5634,5622
5635,5618
5643,5617
27870,27856
4999,4998
15460,15462
33273,33272
38993,38987
38457,38454
39532,39530
30870,30874
10794,10784
29051,29046
25311,25314
24507,24505
20889,20885
28929,28933
26897,26894
12088,12072
12063,12045
12111,12096
27707,27709
27710,27712
31413,31407
31414,31397
26806,26792
26808,26790
28930,28935
24677,24683
23573,23569
9708,9703
26606,26608
21120,21118
24540,24538
22888,22883
22889,22881
23706,23705
23715,23714
26560,26548
20486,20481
11311,11303
39605,39607
26594,26588
26595,26584
39663,39662
27708,27703
39778,39776
39782,39775
24678,24671
18158,18155
19734,19728
29601,29594
12680,12674
12681,12673
13095,13089
28873,28864
27435,27422
29622,29612
26730,26726
10919,10920
27390,27389
26747,26742
27369,27364
27350,27349
26214,26212
9035,9030
14768,14762
14185,14178
26829,26833
9205,9201
28419,28425
36007,36002
15190,15181
23222,23217
37340,37330
37567,37555
37551,37548
16034,16033
28376,28370
15210,15197
23345,23348
16021,16020
17689,17680
38762,38760
28931,28919
22461,22459
22462,22457
19927,19924
15540,15539
12577,12571
39081,39082
39606,39608
39609,39594
40264,40265
40288,40289
34243,34241
15211,15209
16035,16028
15191,15189
35819,35822
16022,16013
34954,34953
6151,6149
6153,6148
6152,6140
9365,9361
9354,9349
37568,37558
38458,38452
38045,38043
33362,33359
12441,12444
14164,14154
14211,14199
14186,14187
13680,13682
37602,37595
12422,12411
12888,12889
39533,39529
14821,14825
14802,14804
14841,14844
36794,36788
36796,36782
27922,27916
14234,14225
13664,13665
16674,16667
3393,3375
3394,3391
2773,2775
3203,3194
3204,3210
35117,35116
36504,36502
37553,37542
4061,4056
5711,5703
6450,6454
5776,5777
8375,8361
8098,8082
8099,8081
8398,8399
8126,8127
8071,8072
33726,33720
23392,23383
23346,23347
3946,3947
4255,4261
37866,37862
25837,25834
36130,36129
8839,8832
36313,36312
8809,8801
40365,40355
6451,6442
24259,24254
23754,23743
25926,25924
24625,24614
24611,24600
8810,8808
9250,9248
8353,8351
9952,9944
33727,33719
8840,8838
12500,12504
12468,12474
12964,12968
12995,12998
34019,34016
12934,12939
26561,26552
12530,12533
12557,12560
5640,5639
5524,5515
3553,3550
3580,3589
3581,3590
6321,6322
6327,6326
6489,6484
6305,6300
6536,6532
20333,20330
18448,18445
37645,37638
16704,16695
17411,17401
19208,19203
39721,39719
24818,24807
8870,8849
20555,20549
20487,20485
20570,20562
19665,19659
20545,20540
27505,27502
5754,5750
5756,5743
39469,39459
3534,3542
3535,3543
31684,31680
31685,31667
35517,35513
21104,21094
3555,3563
3556,3564
7895,7888
8154,8153
7871,7856
4706,4711
10815,10812
29319,29315
8101,8100
37807,37803
7660,7646
12469,12448
7846,7833
38116,38114
36275,36270
8425,8407
24796,24792
39582,39575
13725,13718
5164,5157
30568,30563
38631,38629
18449,18439
4951,4945
4952,4938
4936,4934
27571,27564
35245,35237
7896,7883
7847,7844
7872,7869
5779,5784
8047,8043
8048,8040
8102,8093
6748,6750
5165,5155
6948,6941
9969,9959
3607,3604
3608,3615
3582,3591
27128,27125
2151,2149
11659,11652
2135,2131
2118,2116
15797,15794
16260,16262
8049,8042
9253,9252
23439,23436
4256,4257
25764,25760
3477,3479
9932,9933
8448,8449
8103,8090
34206,34203
28424,28415
28403,28395
27239,27237
12558,12546
12559,12545
12113,12103
12114,12102
12531,12516
12532,12515
12130,12123
12131,12122
31783,31777
12936,12919
12938,12918
12966,12951
12967,12950
12502,12485
12503,12484
12996,12982
12997,12981
7873,7861
7897,7898
7848,7834
7662,7663
20585,20583
20586,20577
23779,23774
23780,23769
24214,24209
24215,24205
20546,20539
20071,20069
24260,24252
24542,24537
19666,19664
20571,20565
20572,20563
19649,19639
24598,24591
24599,24588
24612,24602
24626,24616
24640,24636
24641,24633
18189,18185
24575,24566
23792,23782
20646,20638
22970,22965
22971,22963
22987,22982
22988,22977
22957,22951
22945,22940
23298,23287
23321,23318
23395,23387
23396,23385
22605,22603
22576,22569
22577,22564
22551,22548
22000,21997
21466,21463
21467,21461
21105,21103
21106,21098
23742,23737
23755,23750
23766,23758
16828,16830
24983,24978
19680,19678
3609,3619
3929,3919
3930,3918
3931,3917
20923,20914
18878,18876
3967,3964
18854,18848
11660,11653
34040,34042
5999,5994
3478,3482
6189,6180
39666,39665
6396,6382
6764,6768
6784,6788
6473,6476
6570,6574
6377,6365
39781,39780
6949,6951
6306,6308
7485,7487
6915,6918
6749,6751
20890,20886
3557,3560
12937,12909
6000,6004
5251,5248
20453,20451
24919,24916
33455,33447
7613,7612
5416,5409
26501,26493
4425,4414
19681,19677
23177,23170
19667,19663
20072,20068
22802,22796
10232,10227
25993,25985
26019,26009
3558,3565
3611,3621
8528,8531
3586,3584
13972,13962
39735,39725
39746,39738
34815,34797
8873,8859
25765,25768
8077,8067
29643,29635
8131,8130
10454,10453
8403,8394
21866,21857
8381,8371
9255,9241
35246,35231
16706,16703
17514,17507
20394,20388
24660,24659
25851,25840
18879,18870
14313,14295
3612,3610
25247,25249
24800,24804
20454,20455
22762,22756
8404,8406
20907,20897
20395,20382
13298,13292
5932,5925
5675,5677
22607,22604
23442,23437
18880,18877
18882,18873
2806,2813
2807,2802
3561,3570
3562,3571
39454,39453
14256,14260
7465,7448
3642,3648
3587,3597
23443,23425
18453,18444
16226,16214
16728,16712
3588,3598
3670,3677
3969,3978
16676,16668
19789,19780
18857,18853
7755,7751
1813,1812
1571,1565
1765,1764
1572,1569
1766,1759
1847,1835
1085,1082
1171,1163
3832,3826
2967,2964
3817,3819
3818,3813
6193,6178
6003,6002
23623,23617
17515,17508
20892,20881
15465,15461
16809,16796
3909,3901
3910,3900
15446,15441
11633,11624
38967,38966
38793,38792
14771,14770
6135,6119
