locked_uid,control_uid
20263,20265
20270,20275
28855,28866
28858,28867
28309,28323
27419,27421
27455,27465
27438,27440
39431,39432
39117,39118
38740,38741
37010,37018
36317,36326
35442,35447
37160,37173
14728,14727
14215,14222
39018,39017
39021,39022
12403,12402
12407,12409
12421,12406
36685,36684
37587,37588
37599,37589
37572,37573
37576,37577
37279,37280
37284,37283
2247,2251
2256,2261
2248,2250
2258,2265
5602,5610
5848,5863
4985,4984
2782,2793
2794,2797
2268,2273
5695,5693
38437,38442
37386,37389
36319,36322
36298,36300
36306,36309
35902,35915
35647,35649
38014,38016
35443,35445
38482,38485
36320,36325
21653,21657
13650,13659
36336,36341
14788,14795
36064,36065
12870,12882
36043,36045
35903,35908
35677,35678
36955,36957
37347,37348
38809,38810
37083,37084
36937,36943
36945,36947
36898,36901
36903,36905
37162,37168
37170,37172
36846,36847
37387,37391
33809,33811
33815,33812
38048,38050
37869,37870
36686,36688
38254,38256
37857,37855
38326,38327
36815,36817
37678,37680
38270,38271
37329,37336
37333,37339
38339,38340
38483,38484
13629,13636
39040,39039
39315,39317
39056,39055
27422,27435
27458,27457
8184,8195
19657,19653
19666,19664
22977,22982
20536,20539
22507,22509
7877,7882
8081,8082
8383,8398
4141,4146
8852,8868
8869,8874
20537,20542
22958,22966
22948,22953
22534,22528
35283,35284
22959,22964
24619,24617
24620,24623
21931,21929
24577,24580
8853,8861
24589,24590
8186,8191
22979,22973
22980,22983
22865,22866
24531,24535
23733,23734
19542,19545
19544,19548
12509,12505
12479,12475
5880,5878
5892,5891
10185,10187
10192,10188
28406,28412
4698,4699
1455,1454
781,780
769,768
790,789
2249,2264
2458,2466
2348,2357
2512,2511
2513,2515
2349,2363
22767,22766
22774,22780
22788,22791
35744,35751
5244,5246
5255,5253
10751,10757
27442,27439
27423,27425
28313,28315
28327,28330
27459,27456
33442,33452
34977,34982
34800,34798
30126,30134
5531,5532
13652,13658
27620,27625
35285,35278
22449,22446
26491,26494
26496,26497
26482,26485
22949,22955
24567,24569
22508,22506
22543,22549
22938,22943
8188,8182
8202,8205
8855,8860
35286,35282
484,487
211,214
8430,8438
18630,18631
8387,8392
8400,8396
8114,8119
8365,8373
12640,12637
7884,7893
8115,8110
8388,8397
8366,8374
10786,10792
26953,26956
9390,9391
14419,14418
12872,12874
12873,12876
14219,14217
14193,14196
14790,14789
14148,14150
14149,14157
14153,14146
14127,14128
14139,14135
14194,14202
11622,11626
37435,37438
37681,37683
28561,28559
36302,36304
36307,36296
36174,36185
36106,36110
36112,36101
35905,35909
36067,36066
36074,36077
36082,36071
36046,36041
36053,36060
23161,23166
28361,28362
28960,28964
29301,29308
28382,28383
28407,28414
22705,22709
22687,22691
22342,22347
22328,22341
28916,28920
8092,8091
8391,8390
25944,25945
7886,7900
7863,7862
1363,1370
29857,29855
28862,28870
28869,28875
29858,29868
29590,29596
29609,29618
29614,29625
472,475
34978,34986
22884,22885
22886,22882
18171,18167
2783,2799
2788,2800
18172,18175
18174,18168
12003,12006
11623,11620
38812,38811
38821,38820
38975,38976
38981,38980
2784,2796
2109,2107
2097,2094
2100,2091
20269,20271
3003,3002
3032,3031
38801,38803
21659,21656
21661,21655
33352,33360
34447,34452
32461,32465
32957,32965
38037,38047
36070,36081
35977,35988
35606,35608
38260,38257
35186,35191
35595,35597
35872,35884
35314,35328
36022,36038
37486,37484
2098,2095
29303,29315
27492,27498
27505,27502
28917,28913
25946,25943
29304,29310
27493,27503
28563,28562
23165,23171
30539,30541
30540,30535
36010,36020
36342,36338
28961,28968
22329,22333
22334,22335
21935,21938
21936,21933
36343,36349
9936,9946
34050,34046
34051,34061
38826,38827
38831,38824
38813,38807
38439,38434
38441,38433
9964,9962
12005,12002
1442,1452
922,914
816,806
1196,1200
763,757
1457,1456
923,921
2351,2358
2354,2360
2488,2491
2496,2497
787,777
98,100
3,4
5,0
1601,1611
2472,2468
89,88
1602,1600
1616,1617
2352,2361
2489,2500
90,92
2253,2263
2255,2246
423,417
410,404
3004,3000
2528,2529
3426,3420
1909,1910
2230,2233
1981,1983
2353,2362
2490,2501
2473,2475
2057,2051
3429,3423
2912,2913
2876,2877
32139,32142
5077,5076
2200,2195
32676,32677
5882,5895
24073,24079
9937,9958
10448,10446
24074,24076
24081,24070
22450,22454
19546,19539
12431,12443
35139,35134
35288,35289
6579,6589
39449,39451
38772,38771
39319,39318
39345,39347
39350,39348
27464,27460
28321,28319
28865,28863
28872,28860
27447,27443
30114,30113
27429,27424
37314,37327
12022,12020
1367,1364
621,618
1620,1619
1621,1623
1605,1609
283,279
386,389
2272,2274
33208,33210
33499,33492
33847,33852
33139,33140
32768,32769
33571,33573
32337,32334
32372,32373
33220,33221
25986,25989
24986,24987
24954,24959
24963,24966
39741,39744
39742,39739
39729,39732
39730,39733
37804,37801
3200,3196
35652,35653
37069,37073
35631,35632
33448,33435
35618,35621
35456,35460
36838,36842
37267,37277
35110,35115
37077,37081
35462,35465
36072,36079
36075,36068
35640,35644
35448,35449
35874,35882
37095,37096
36859,36864
37086,37090
35887,35889
36850,36855
34807,34803
36868,36869
4021,4019
33816,33813
30129,30131
22792,22799
25404,25405
24964,24965
24967,24968
37315,37319
37316,37322
37317,37323
37623,37624
35888,35901
35463,35476
12433,12425
33796,33793
14900,14902
37016,37013
37021,37009
25954,25952
24925,24920
22793,22795
26059,26061
40223,40229
8515,8517
12488,12495
12489,12481
12518,12524
12519,12512
9238,9249
9938,9940
9939,9941
9951,9956
5542,5543
26571,26573
26820,26822
9966,9967
37259,37256
37269,37274
37302,37306
37303,37295
37287,37291
37288,37278
19335,19336
16220,16217
3049,3053
12126,12120
12461,12453
12465,12452
12106,12101
12109,12100
12522,12527
12526,12514
12926,12917
12930,12916
12082,12087
12086,12077
12056,12051
12061,12050
12958,12949
12960,12948
12492,12483
12497,12482
12988,12980
12991,12979
25990,25987
24622,24621
10805,10803
10788,10783
21007,21008
21010,21006
24608,24609
23729,23727
21426,21427
8862,8866
25922,25923
25927,25920
9240,9251
9942,9949
14205,14213
3050,3047
11628,11621
12883,12880
14230,14226
36479,36476
36509,36506
36692,36689
37128,37137
38280,38272
36831,36827
38638,38637
37448,37456
37579,37582
37580,37571
37732,37739
37594,37596
37668,37676
37260,37261
10449,10456
10452,10445
39645,39642
40224,40228
40225,40218
5741,5748
5278,5279
5365,5364
36052,36054
36073,36076
14800,14796
34983,34989
14783,14779
23730,23731
23732,23724
22887,22880
33818,33807
33450,33439
13292,13298
22452,22445
14207,14203
30963,30965
5534,5533
19337,19332
14162,14147
14183,14179
38345,38349
39646,39647
34911,34908
1070,1071
3150,3147
8559,8558
5723,5720
5079,5078
35128,35123
32413,32417
5535,5536
20065,20066
20551,20552
20553,20547
5724,5737
34567,34565
5856,5867
5886,5893
8193,8189
4992,4991
35914,35912
34810,34812
4221,4215
6581,6585
6583,6587
5768,5763
5775,5759
5887,5896
5080,5071
5085,5070
30365,30361
35113,35106
34735,34744
35458,35453
35858,35854
36510,36507
36840,36836
36832,36828
37098,37093
37352,37349
37079,37075
36097,36093
37071,37067
38789,38785
36184,36173
24991,24990
19967,19971
23360,23356
6444,6440
4189,4184
30543,30536
5705,5706
5715,5707
3943,3941
3944,3940
6445,6458
4822,4814
15823,15833
5377,5371
4993,4990
40490,40498
4190,4186
5770,5774
17647,17645
30564,30561
16221,16213
5859,5860
10807,10813
5625,5626
6446,6447
6448,6441
20276,20282
20278,20285
38020,38018
37861,37859
35916,35920
38266,38262
36055,36050
12886,12875
14140,14143
12418,12420
1842,1846
1048,1046
1450,1444
1627,1625
286,277
2356,2359
2495,2498
2804,2811
2008,2010
4024,4030
2538,2535
26489,26486
26480,26478
5378,5376
5483,5478
5484,5477
5627,5624
35130,35124
35141,35133
6817,6827
4824,4818
10791,10787
4995,4996
15826,15827
5629,5628
37019,37027
14903,14910
5248,5241
40435,40430
36311,36297
35634,35630
36056,36042
35655,35651
37072,37068
37080,37076
12439,12434
21670,21664
14784,14780
40172,40180
21570,21569
19363,19362
13662,13666
34054,34057
40436,40431
37443,37431
37876,37872
37898,37902
36926,36932
37475,37473
12057,12054
12083,12080
12927,12921
12462,12457
12493,12487
19783,19781
2482,2471
2193,2186
2218,2216
24132,24136
29691,29692
2769,2776
40493,40492
18176,18173
8037,8035
7650,7654
8144,8139
6449,6456
5773,5766
30565,30558
5749,5747
8417,8419
33800,33801
33804,33798
19549,19540
38023,38025
36513,36514
5280,5282
5631,5638
35295,35293
20448,20450
9683,9669
7171,7168
40262,40248
20449,20444
30566,30559
9364,9360
35754,35747
19923,19921
31765,31762
37022,37011
1121,1127
351,350
9947,9957
27626,27619
19662,19650
12128,12127
12108,12107
12112,12115
12085,12084
21940,21939
22453,22448
12496,12491
12060,12046
12525,12521
10811,10810
12990,12987
12464,12459
12929,12924
40495,40491
9684,9680
9685,9676
24863,24865
5634,5643
5635,5622
28397,28380
4999,4998
12062,12049
39532,39530
10758,10761
27451,27454
27469,27472
29658,29646
27434,27437
24864,24861
24866,24858
12962,12943
12993,12973
12111,12096
12088,12072
12063,12045
37324,37311
37630,37632
19786,19784
22888,22883
22889,22881
19969,19966
19970,19963
18158,18155
29622,29612
28873,28864
14908,14907
14768,14762
14185,14178
37631,37627
28419,28425
36792,36787
37340,37330
22461,22459
22462,22457
38469,38462
40230,40227
40264,40251
40265,40250
36825,36819
9365,9361
37265,37257
36696,36690
12441,12444
14186,14187
37342,37338
14211,14199
14164,14154
12031,12032
37602,37595
12422,12411
39533,39529
13646,13648
3301,3299
3203,3194
3204,3210
38805,38804
5711,5716
7636,7618
7608,7594
7794,7780
8524,8521
8525,8530
3946,3947
3432,3431
25926,25924
24625,24614
24611,24600
7637,7642
9952,9944
12064,12068
7795,7800
7609,7614
12964,12968
12934,12939
12530,12533
12468,12474
12500,12504
3553,3550
24553,24550
3634,3643
3635,3627
3636,3625
5494,5491
16725,16724
16726,16718
24818,24807
8870,8849
3555,3563
3556,3564
20555,20549
20545,20540
23174,23176
19665,19659
7895,7888
4706,4711
8154,8153
7660,7646
10815,10812
10797,10794
10798,10784
7871,7856
12469,12448
37807,37803
21941,21932
8101,8100
5614,5612
8200,8204
12935,12912
8128,8125
8129,8120
24796,24792
8425,8407
7461,7460
30568,30563
24819,24814
8102,8093
8047,8043
8048,8040
7872,7869
8401,8385
8379,8369
22698,22695
3607,3604
3608,3615
4707,4705
3582,3591
2118,2116
8476,8475
8049,8042
5756,5754
9253,9252
8103,8090
5897,5890
8130,8131
3477,3479
8380,8367
10799,10789
8448,8449
8402,8389
12531,12516
12532,12515
28403,28395
28424,28415
12502,12485
12503,12484
21466,21463
21467,21461
22551,22548
24575,24566
22945,22940
22957,22951
22970,22965
22971,22963
7662,7663
23742,23737
24542,24537
24626,24616
24554,24551
7873,7861
24612,24602
18189,18185
20071,20069
7897,7898
7463,7464
8940,8941
3584,3586
22801,22803
22782,22779
3609,3619
3967,3968
5495,5493
3478,3482
5644,5637
6306,6308
12937,12909
33786,33782
20453,20451
33455,33447
5416,5409
26501,26493
23177,23170
19667,19663
20072,20068
3640,3626
12938,12936
12067,12066
12091,12090
12114,12113
8528,8531
22802,22796
24599,24598
24972,24971
12473,12471
25993,25985
39735,39725
8873,8859
34815,34797
39746,39738
24799,24805
16727,16721
12131,12130
21675,21663
25851,25840
12997,12996
35118,35109
12967,12966
24800,24804
24290,24283
3642,3648
39454,39453
39442,39441
39351,39342
39125,39123
31372,31363
16728,16712
2809,2807
7755,7751
1766,1769
1768,1759
3817,3819
3818,3813
3645,3644
3646,3633
24822,24815
11633,11624
38967,38966
